Printer_Setting_Log,

Log_file_name,PLOG0001.CSV,
Image_file_name,D:\DCIM\100_FUJI\DSCF0001.JPG,
MODEL,FI019,
Serial_number,3310117352,
Firmware_version,1.06,
Log_profile,1.00,
Print_Time,2024/10/19 09:36:41,
PH_Vendar,TP,
PH_Serial_No,4156A231160856,
PH_TYPE,ELPH_TYPE_PP2,
BrightnessFTNM_R,28,
BrightnessFTNM_G,31,
BrightnessFTNM_B,42,
BrightnessTPREF1NM_R,9,
BrightnessTPREF1NM_G,7,
BrightnessTPREF1NM_B,4,
BrightnessTPREF2NM_R,155,
BrightnessTPREF2NM_G,116,
BrightnessTPREF2NM_B,104,
BrightnessFT3D_R,28,
BrightnessFT3D_G,32,
BrightnessFT3D_B,42,
BrightnessTPREF13D_R,7,
BrightnessTPREF13D_G,5,
BrightnessTPREF13D_B,3,
BrightnessTPREF23D_R,151,
BrightnessTPREF23D_G,118,
BrightnessTPREF23D_B,113,
Exposure_R,500 nsec,
Exposure_G,500 nsec,
Exposure_B,500 nsec,
temperature,22.0,
3DLUT_enable,ON,
3DLUT_information,2021/07/01 ref3,
Double_density,OFF,
Print_Brightness,x1.0,
result,No Film PI,

Printer_Parameter_Log,
motor_duty:pri_usb,100,
motor_duty:rej_usb,100,
motor_duty:pri,100,
motor_duty:rej,100,
LNC_F_enable,1,
LNC_UH_centerPos,155,
LNC_UH_width_HI,30,
LNC_UH_width_LO,50,
LNC_UH_effectValue,250,250,250,
LNC_UH_referOffsetLine,4,
LNC_UH_referMovAveCnt,3,
LNC_UH_lastMovAveCnt,3,
LNC_UH_LoCutCoef,128,128,0,
LNC_SH_CorrLimMin,-2,
LNC_SH_CorrLimMax,2,
LNC_F_corrRvs,0,
LNC_F_halfEf,0,
LNC_UH_effectDelay,0,

Shading_Data_(_Adjust_Area_data_),
R     ,G     ,B     ,
     0,     0,    17,
     8,     8,    42,
    56,    26,    43,
    50,    22,    42,
     0,    12,    47,
    29,    19,    49,
    70,    40,    59,
    47,    20,    42,
     2,    17,    53,
    39,    19,    45,
    66,    35,    52,
    46,    22,    48,
     1,    13,    45,
    49,    26,    48,
    66,    35,    49,
    31,    12,    40,
    11,    16,    51,
    56,    28,    47,
    63,    31,    47,
    21,    14,    46,
    18,    13,    47,
    62,    33,    49,
    59,    33,    51,
    12,    15,    45,
    33,    19,    49,
    68,    34,    48,
    52,    26,    46,
     9,    19,    53,
    43,    16,    44,
    65,    30,    40,
    42,    19,    39,
     4,    15,    48,
    51,    19,    40,
    69,    35,    49,
    31,    12,    37,
     5,    12,    42,
    60,    23,    43,
    66,    32,    48,
    21,    15,    43,
    15,    13,    43,
    68,    32,    48,
    69,    32,    50,
    17,    17,    47,
    29,    16,    46,
    73,    36,    50,
    63,    30,    50,
    14,    21,    53,
    46,    22,    46,
    76,    37,    47,
    57,    27,    47,
    12,    20,    50,
    53,    24,    48,
    75,    38,    50,
    42,    18,    44,
    14,    15,    44,
    63,    31,    48,
    76,    38,    52,
    36,    16,    44,
    21,    12,    40,
    68,    34,    47,
    70,    34,    46,
    28,    18,    48,
    32,    15,    43,
    74,    35,    46,
    67,    33,    46,
    21,    20,    52,
    45,    20,    48,
    77,    38,    52,
    57,    27,    46,
    15,    20,    49,
    55,    25,    48,
    73,    33,    45,
    43,    17,    36,
    14,    17,    47,
    63,    23,    42,
    74,    32,    42,
    34,    15,    39,
    16,    16,    44,
    63,    24,    39,
    70,    27,    39,
    24,    15,    44,
    26,    14,    44,
    73,    30,    43,
    69,    29,    45,
    19,    18,    48,
    36,    14,    36,
    74,    35,    46,
    55,    21,    37,
    12,    15,    41,
    48,    16,    37,
    75,    30,    42,
    50,    15,    35,
    11,    11,    40,
    48,    14,    28,
    71,    32,    42,
    41,    13,    33,
    16,    14,    41,
    59,    24,    40,
    69,    27,    38,
    31,    13,    36,
    23,    14,    43,
    64,    24,    33,
    62,    26,    36,
    21,    13,    38,
    37,    15,    42,
    71,    30,    41,
    57,    21,    32,
    14,    11,    36,
    42,    13,    32,
    72,    28,    35,
    53,    20,    35,
    13,    12,    36,
    54,    17,    36,
    72,    29,    38,
    46,    16,    34,
    14,    12,    37,
    60,    19,    33,
    76,    30,    41,
    35,    12,    33,
    20,    13,    38,
    69,    24,    35,
    70,    26,    36,
    22,     8,    30,
    30,    14,    37,
    74,    27,    35,
    67,    22,    32,
    20,    13,    35,
    41,    14,    34,
    77,    30,    40,
    60,    17,    30,
    15,    11,    34,
    54,    17,    35,
    77,    28,    36,
    52,    15,    33,
    20,    14,    37,
    59,    17,    30,
    76,    24,    31,
    42,    11,    31,
    25,    13,    35,
    63,    19,    27,
    70,    23,    30,
    31,    10,    33,
    29,     9,    31,
    67,    20,    26,
    59,    17,    22,
    20,     8,    32,
    35,     4,    23,
    69,    21,    27,
    57,    16,    27,
    13,     7,    27,
    46,     9,    25,
    70,    21,    26,
    45,    12,    22,
    13,     8,    27,
    56,    13,    24,
    73,    24,    30,
    39,    12,    28,
    21,    14,    36,
    63,    19,    30,
    71,    22,    28,
    31,     9,    27,
    24,     9,    32,
    68,    21,    28,
    67,    21,    26,
    26,    10,    29,
    30,     8,    23,
    73,    24,    31,
    62,    17,    28,
    18,    12,    30,
    42,    12,    26,
    73,    22,    24,
    56,    14,    26,
    15,     6,    23,
    50,    11,    22,
    72,    23,    27,
    44,     9,    22,
    17,     9,    27,
    54,    12,    20,
    67,    19,    21,
    34,     5,    22,
    24,     6,    26,
    63,    17,    22,
    67,    20,    25,
    28,     6,    24,
    32,     6,    22,
    68,    20,    23,
    62,    18,    23,
    20,     7,    24,
    44,     6,    19,
    73,    23,    27,
    60,    20,    32,
    19,     8,    26,
    50,     9,    21,
    73,    21,    28,
    48,    14,    27,
    21,    10,    28,
    61,    15,    26,
    77,    25,    30,
    39,     8,    22,
    26,    10,    29,
    66,    14,    21,
    69,    16,    19,
    32,     8,    22,
    33,    10,    28,
    74,    19,    23,
    65,    14,    18,
    28,    11,    30,
    41,     7,    21,
    73,    16,    17,
    63,    12,    19,
    21,     7,    24,
    52,    10,    23,
    75,    20,    21,
    54,     9,    19,
    20,     6,    22,
    54,     7,    14,
    78,    22,    25,
    45,     4,    17,
    27,     7,    24,
    64,    12,    17,
    72,    16,    18,
    40,     8,    25,
    33,     2,    20,
    72,    17,    21,
    69,    16,    19,
    30,     4,    20,
    42,     6,    20,
    75,    18,    21,
    63,    13,    18,
    31,    10,    26,
    49,     8,    19,
    74,    15,    14,
    54,     6,    11,
    25,     6,    20,
    56,     5,    12,
    74,    16,    17,
    46,     9,    18,
    27,     6,    19,
    65,    10,    17,
    74,    16,    16,
    37,     4,    15,
    29,     1,    15,
    74,    15,    17,
    73,    14,    16,
    30,     1,    17,
    36,     4,    20,
    72,    14,    17,
    63,     7,    11,
    24,     1,    15,
    46,     3,    13,
    74,    13,    13,
    57,     5,    10,
    25,     3,    14,
    55,     6,    13,
    81,    18,    19,
    54,     4,    12,
    28,     3,    17,
    61,     7,    10,
    74,    11,    12,
    44,     0,     9,
    35,     4,    17,
    69,    10,    13,
    76,    16,    16,
    40,     4,    16,
    40,     3,    17,
    75,    12,    13,
    70,    11,    13,
    37,     7,    19,
    51,     5,    15,
    81,    17,    19,
    63,     9,    13,
    34,     6,    19,
    61,     8,    15,
    83,    16,    15,
    59,     7,    11,
    33,     4,    15,
    67,     7,    11,
    80,    13,    12,
    47,     3,    10,
    32,     2,    12,
    72,    10,    11,
    81,    15,    14,
    43,     4,    13,
    40,     5,    15,
    74,    11,     9,
    74,    11,     9,
    39,     5,    17,
    44,     2,    12,
    83,    16,    13,
    75,    16,    17,
    41,    11,    23,
    58,    10,    16,
    87,    18,    16,
    68,    10,    12,
    38,     6,    14,
    63,     8,    11,
    87,    19,    17,
    59,     7,    13,
    42,     8,    18,
    73,    13,    14,
    84,    17,    13,
    54,     7,    13,
    45,     4,    11,
    80,    16,    14,
    80,    13,     9,
    49,     6,    14,
    51,     7,    13,
    85,    16,    13,
    75,    14,    13,
    44,     6,    12,
    56,     7,    12,
    84,    13,    11,
    66,     5,     3,
    39,     5,    11,
    67,     8,    12,
    87,    18,    15,
    63,    12,    14,
    39,     5,    12,
    73,     8,     8,
    85,    13,     8,
    57,    11,    16,
    49,    10,    19,
    78,    10,     8,
    86,    13,     7,
    50,     6,    14,
    50,     7,    14,
    89,    16,    13,
    85,    14,     9,
    47,     7,    14,
    51,     4,     9,
    88,    16,    11,
    74,    10,     9,
    43,     6,    11,
    61,     8,    11,
    86,    12,     6,
    67,     4,     3,
    44,     7,    13,
    68,     6,     5,
    88,    14,     8,
    60,     4,     6,
    54,    11,    18,
    78,    10,     9,
    89,    15,    10,
    57,     4,     6,
    54,     6,    15,
    86,    14,     8,
    86,    13,     7,
    54,     4,     7,
    56,     3,     7,
    85,     9,     2,
    75,     6,     0,
    52,     7,    11,
    68,     7,     8,
    95,    18,    11,
    79,    13,    11,
    55,     9,    13,
    78,     9,     7,
    95,    17,    10,
    71,    12,    11,
    59,    13,    18,
    87,    14,    12,
    96,    17,     9,
    67,    12,    10,
    60,    12,    16,
    89,    13,     8,
    91,    15,     8,
    59,     5,     6,
    62,     9,    12,
    92,    14,     6,
    89,    15,    10,
    59,    12,    16,
    64,     8,     9,
    95,    15,     7,
    82,    11,     6,
    56,    11,    14,
    70,     8,     5,
    93,    14,     4,
    75,    10,     6,
    58,    14,    17,
    77,    12,     9,
    96,    17,    10,
    70,     8,     8,
    57,     9,    12,
    81,    12,     8,
    93,    16,     9,
    63,     8,     9,
    61,     8,    10,
    92,    15,     6,
    90,    13,     3,
    62,     9,    12,
    67,    11,    12,
    93,    16,     7,
    81,    10,     1,
    61,    10,    12,
    72,     7,     5,
    95,    15,     6,
    79,    11,     4,
    57,     9,     9,
    76,     8,     6,
    95,    16,     7,
    70,     7,     1,
    58,     5,     5,
    86,    12,     6,
    99,    17,     9,
    69,     9,     8,
    59,     8,    10,
    90,    12,     2,
    92,    13,     1,
    61,     8,     7,
    61,     5,     4,
    97,    18,     7,
    91,    15,     5,
    63,     9,     9,
    72,    13,    11,
    99,    19,    10,
    88,    15,     8,
    63,    11,    10,
    73,    10,     5,
    99,    17,     7,
    78,     9,     0,
    66,    11,    12,
    85,    13,     9,
   101,    19,     8,
    75,    14,     9,
    67,    15,    13,
    85,    14,     5,
    97,    18,     8,
    72,    14,    12,
    73,    16,    16,
   103,    23,    11,
   100,    23,    10,
    72,    14,    13,
    73,    14,    14,
    97,    18,     5,
    89,    20,    10,
    66,    14,    14,
    79,    15,    12,
   101,    22,     9,
    84,    16,     4,
    69,    19,    17,
    86,    18,    11,
   101,    21,    10,
    80,    20,    14,
    73,    21,    21,
    93,    20,    12,
   105,    24,    12,
    76,    18,    12,
    69,    16,    12,
    99,    22,    10,
   102,    26,    11,
    80,    26,    21,
    83,    28,    24,
   112,    33,    21,
   106,    32,    20,
    83,    29,    24,
    86,    24,    15,
   112,    29,    17,
    99,    28,    17,
    82,    28,    26,
    90,    27,    19,
   109,    28,    16,
    89,    22,    13,
    79,    26,    23,
    92,    24,    14,
   108,    29,    14,
    86,    28,    21,
    81,    28,    23,
   101,    29,    15,
   109,    32,    18,
    88,    33,    31,
    83,    28,    23,
   107,    32,    19,
   105,    31,    16,
    81,    26,    21,
    86,    24,    19,
   114,    36,    24,
    99,    29,    16,
    81,    28,    23,
    90,    26,    17,
   110,    30,    15,
    89,    25,    13,
    83,    28,    24,
    98,    30,    19,
   116,    37,    24,
    91,    30,    19,
    86,    31,    26,
   106,    31,    19,
   114,    37,    22,
    91,    33,    27,
    89,    32,    28,
   115,    40,    27,
   114,    37,    23,
    91,    35,    30,
    91,    35,    30,
   117,    36,    21,
   106,    36,    20,
    86,    35,    29,
    88,    30,    21,
   113,    36,    21,
    99,    33,    20,
    87,    35,    32,
    97,    33,    21,
   116,    39,    24,
   100,    40,    29,
    89,    37,    31,
   106,    39,    26,
   120,    42,    27,
    96,    40,    34,
    93,    41,    38,
   109,    41,    27,
   112,    40,    24,
    90,    35,    30,
    91,    37,    35,
   115,    41,    26,
   109,    41,    29,
    92,    40,    36,
    94,    36,    28,
   115,    39,    26,
   102,    40,    27,
    93,    39,    34,
   103,    40,    28,
   122,    47,    34,
    99,    41,    28,
    94,    42,    36,
   109,    47,    33,
   120,    47,    32,
    92,    39,    27,
    88,    40,    35,
   111,    42,    25,
   116,    47,    29,
    90,    40,    31,
    89,    42,    32,
   118,    50,    32,
   111,    43,    23,
    92,    44,    36,
    92,    43,    32,
   117,    45,    28,
   106,    43,    27,
    89,    42,    33,
    96,    42,    28,
   117,    45,    24,
   102,    45,    27,
    92,    44,    34,
   104,    45,    28,
   117,    45,    23,
    98,    46,    31,
    89,    40,    30,
   110,    48,    29,
   124,    56,    33,
   102,    52,    37,
    97,    49,    37,
   115,    51,    26,
   117,    53,    28,
    97,    50,    37,
    99,    50,    38,
   120,    53,    28,
   113,    54,    31,
    96,    51,    36,
   104,    50,    34,
   122,    53,    30,
   107,    55,    34,
    96,    50,    36,
   107,    52,    32,
   119,    52,    29,
   101,    49,    29,
    94,    47,    32,
   114,    53,    31,
   123,    57,    33,
   105,    56,    39,
   103,    56,    42,
   121,    58,    34,
   121,    57,    31,
    99,    53,    34,
    97,    50,    34,
   121,    56,    30,
   113,    52,    26,
    97,    53,    37,
    98,    49,    29,
   117,    49,    22,
   104,    49,    25,
    98,    51,    35,
   107,    54,    30,
   118,    50,    23,
   101,    48,    25,
    95,    50,    34,
   102,    48,    21,
   113,    48,    18,
    92,    44,    24,
    92,    47,    29,
   110,    49,    22,
   113,    53,    21,
    90,    43,    23,
    93,    43,    23,
   111,    49,    20,
   103,    48,    18,
    90,    47,    25,
    92,    42,    18,
   116,    51,    21,
   100,    47,    18,
    56,     3,     2,

Shading_Data_(_Actual_data_),
R     ,G     ,B     ,
 32768, 32768, 31711,
 32262, 32262, 30275,
 29526, 31179, 30220,
 29842, 31413, 30275,
 32768, 32015, 30003,
 31005, 31591, 29896,
 28813, 30385, 29370,
 30003, 31531, 30275,
 32640, 31711, 29683,
 30440, 31591, 30111,
 29013, 30664, 29736,
 30057, 31413, 29949,
 32704, 31953, 30111,
 29896, 31179, 29949,
 29013, 30664, 29896,
 30890, 32015, 30385,
 32076, 31771, 29789,
 29526, 31063, 30003,
 29165, 30890, 30003,
 31472, 31893, 30057,
 31651, 31953, 30003,
 29216, 30777, 29896,
 29370, 30777, 29789,
 32015, 31832, 30111,
 30777, 31591, 29896,
 28913, 30720, 29949,
 29736, 31179, 30057,
 32200, 31591, 29683,
 30220, 31771, 30165,
 29064, 30948, 30385,
 30275, 31591, 30440,
 32513, 31832, 29949,
 29789, 31591, 30385,
 28863, 30664, 29896,
 30890, 32015, 30552,
 32450, 32015, 30275,
 29319, 31354, 30220,
 29013, 30833, 29949,
 31472, 31832, 30220,
 31832, 31953, 30220,
 28913, 30833, 29949,
 28863, 30833, 29842,
 31711, 31711, 30003,
 31005, 31771, 30057,
 28665, 30607, 29842,
 29165, 30948, 29842,
 31893, 31472, 29683,
 30057, 31413, 30057,
 28518, 30552, 30003,
 29474, 31120, 30003,
 32015, 31531, 29842,
 29683, 31295, 29949,
 28567, 30496, 29842,
 30275, 31651, 30165,
 31893, 31832, 30165,
 29165, 30890, 29949,
 28518, 30496, 29736,
 30607, 31771, 30165,
 31472, 32015, 30385,
 28913, 30720, 30003,
 28813, 30720, 30057,
 31063, 31651, 29949,
 30833, 31832, 30220,
 28616, 30664, 30057,
 28963, 30777, 30057,
 31472, 31531, 29736,
 30111, 31531, 29949,
 28470, 30496, 29736,
 29474, 31120, 30057,
 31832, 31531, 29896,
 29578, 31237, 29949,
 28665, 30777, 30111,
 30220, 31711, 30607,
 31893, 31711, 30003,
 29165, 31354, 30275,
 28616, 30833, 30275,
 30720, 31832, 30440,
 31771, 31771, 30165,
 29165, 31295, 30440,
 28813, 31120, 30440,
 31295, 31832, 30165,
 31179, 31893, 30165,
 28665, 30948, 30220,
 28863, 31005, 30111,
 31591, 31651, 29949,
 30607, 31893, 30607,
 28616, 30664, 30057,
 29578, 31472, 30552,
 32015, 31832, 30330,
 29949, 31771, 30552,
 28567, 30948, 30275,
 29842, 31832, 30664,
 32076, 32076, 30385,
 29949, 31893, 31063,
 28764, 30833, 30275,
 30330, 31953, 30777,
 31771, 31893, 30330,
 29370, 31295, 30385,
 28863, 31120, 30496,
 30890, 31953, 30607,
 31354, 31893, 30220,
 29114, 31295, 30777,
 29216, 31179, 30607,
 31472, 31953, 30496,
 30552, 31832, 30275,
 28764, 30948, 30330,
 29474, 31472, 30833,
 31893, 32076, 30607,
 30275, 31953, 30833,
 28714, 31063, 30664,
 29683, 31531, 30664,
 31953, 32015, 30607,
 29631, 31711, 30607,
 28714, 31005, 30496,
 30057, 31771, 30720,
 31893, 32015, 30552,
 29319, 31591, 30777,
 28518, 30948, 30330,
 30664, 32015, 30777,
 31531, 31953, 30496,
 28863, 31295, 30664,
 28813, 31179, 30607,
 31413, 32262, 30948,
 30948, 31893, 30552,
 28616, 31120, 30664,
 28963, 31413, 30833,
 31531, 31953, 30664,
 30330, 31893, 30720,
 28470, 30948, 30385,
 29319, 31711, 30948,
 31832, 32076, 30720,
 29631, 31711, 30664,
 28470, 31063, 30607,
 29736, 31832, 30777,
 31531, 31893, 30552,
 29370, 31711, 30948,
 28518, 31295, 30890,
 30275, 32076, 30890,
 31237, 31953, 30664,
 29165, 31591, 31120,
 28813, 31354, 30948,
 30890, 32138, 30777,
 31005, 32200, 30890,
 28963, 31531, 31179,
 29370, 31711, 31413,
 31531, 32262, 30833,
 30664, 32513, 31354,
 28863, 31472, 31120,
 29474, 31771, 31120,
 31953, 32324, 31120,
 30057, 32200, 31237,
 28813, 31472, 31179,
 30111, 32015, 31413,
 31953, 32262, 31120,
 29526, 31953, 31295,
 28665, 31295, 30948,
 30440, 32015, 31063,
 31472, 31893, 30607,
 29165, 31591, 30948,
 28764, 31413, 31063,
 30890, 32200, 31120,
 31295, 32200, 30833,
 28913, 31472, 31063,
 28963, 31472, 31179,
 31179, 32138, 31005,
 30948, 32262, 31354,
 28665, 31295, 30890,
 29216, 31711, 31063,
 31651, 32015, 30948,
 30275, 32015, 31179,
 28665, 31413, 31295,
 29526, 31893, 31179,
 31832, 32387, 31354,
 29842, 32076, 31413,
 28714, 31354, 31120,
 30165, 32200, 31413,
 31711, 32200, 31120,
 29631, 32015, 31531,
 28963, 31591, 31472,
 30720, 32450, 31413,
 31295, 32387, 31179,
 29165, 31711, 31413,
 28963, 31531, 31237,
 31063, 32387, 31295,
 30833, 32387, 31413,
 28913, 31531, 31354,
 29216, 31651, 31354,
 31531, 32324, 31295,
 30165, 32387, 31591,
 28665, 31354, 31120,
 29319, 31531, 30833,
 31591, 32262, 31179,
 29842, 32200, 31472,
 28665, 31472, 31063,
 29949, 31893, 31120,
 31472, 32138, 31063,
 29267, 31832, 31179,
 28470, 31237, 30948,
 30440, 32262, 31413,
 31179, 32138, 31005,
 29013, 31893, 31472,
 28863, 31771, 31591,
 30833, 32262, 31413,
 30777, 32138, 31063,
 28616, 31591, 31354,
 29064, 31893, 31651,
 31063, 32076, 30948,
 30330, 32324, 31472,
 28665, 31771, 31711,
 29165, 32015, 31591,
 31472, 32324, 31295,
 29736, 32138, 31354,
 28567, 31531, 31472,
 29631, 32200, 31591,
 31531, 32387, 31413,
 29631, 32324, 31893,
 28421, 31413, 31237,
 30111, 32513, 31711,
 31120, 32324, 31295,
 29114, 32015, 31711,
 28714, 31771, 31651,
 30385, 32262, 31237,
 30777, 32640, 31531,
 28714, 31711, 31472,
 28863, 31771, 31591,
 30948, 32513, 31531,
 30275, 32387, 31531,
 28567, 31651, 31472,
 29165, 31953, 31651,
 30890, 32138, 31179,
 29896, 32262, 31591,
 28616, 31832, 31893,
 29631, 32387, 32076,
 31237, 32387, 31531,
 29526, 32450, 32015,
 28616, 31771, 31711,
 30057, 32200, 31651,
 31120, 32387, 31591,
 29064, 32138, 31711,
 28616, 31771, 31771,
 30552, 32513, 31832,
 31005, 32704, 31832,
 28616, 31832, 31711,
 28665, 31893, 31771,
 30948, 32704, 31711,
 30607, 32513, 31531,
 28714, 31893, 31711,
 29165, 32324, 32076,
 31295, 32704, 31832,
 30057, 32576, 31953,
 28616, 31953, 31953,
 29474, 32450, 32138,
 31237, 32576, 31893,
 29578, 32387, 31953,
 28277, 31651, 31591,
 29631, 32513, 32015,
 31063, 32576, 31711,
 29267, 32324, 32138,
 28616, 32076, 32015,
 30165, 32768, 32200,
 30664, 32513, 31711,
 28863, 32138, 31953,
 28518, 31771, 31771,
 30385, 32513, 31771,
 30385, 32576, 31711,
 28567, 32015, 31953,
 28813, 32076, 31953,
 30552, 32324, 31591,
 29789, 32450, 31832,
 28277, 31711, 31591,
 29165, 32200, 31953,
 30720, 32387, 31591,
 29267, 32262, 31832,
 28182, 31771, 31832,
 29370, 32324, 32076,
 30777, 32513, 31832,
 28963, 32324, 32076,
 28325, 31953, 32015,
 30003, 32576, 32138,
 30833, 32640, 32015,
 28714, 32138, 32076,
 28277, 31832, 31893,
 30220, 32513, 31953,
 30385, 32450, 31832,
 28616, 32076, 32200,
 28616, 32076, 32200,
 30440, 32450, 31711,
 30165, 32640, 32015,
 28182, 31771, 31953,
 28567, 31771, 31711,
 30330, 32076, 31354,
 29422, 32138, 31771,
 27993, 31651, 31771,
 28913, 32138, 32015,
 30496, 32387, 31893,
 29165, 32262, 32076,
 27993, 31591, 31711,
 29370, 32324, 31953,
 30275, 32262, 31651,
 28665, 31953, 31893,
 28134, 31711, 31953,
 29631, 32324, 31953,
 30111, 32513, 32076,
 28325, 31771, 31893,
 28325, 31953, 32200,
 29896, 32387, 31893,
 29789, 32324, 31953,
 28087, 31771, 31953,
 28567, 31893, 31953,
 30165, 32387, 32015,
 29526, 32324, 32015,
 28134, 31953, 32076,
 29013, 32450, 32576,
 30440, 32450, 32076,
 28963, 32262, 32015,
 27993, 31651, 31832,
 29165, 32015, 31893,
 30440, 32450, 32015,
 28665, 32262, 32262,
 28087, 31953, 32262,
 29474, 32076, 31771,
 29896, 32138, 31591,
 28421, 32138, 32262,
 28040, 31953, 32324,
 29842, 32387, 31893,
 29842, 32324, 31893,
 27899, 31771, 31953,
 28087, 31893, 32200,
 30003, 32324, 31893,
 29789, 32513, 32200,
 27946, 31771, 32076,
 28616, 32138, 32200,
 30220, 32387, 32076,
 29267, 32262, 32076,
 28040, 32015, 32387,
 28963, 32513, 32576,
 30165, 32324, 31953,
 28913, 32387, 32450,
 27946, 31893, 32262,
 29319, 32513, 32387,
 29631, 32076, 31651,
 28421, 32138, 32200,
 27899, 31832, 32138,
 29474, 32513, 32387,
 29631, 32387, 31832,
 28040, 31893, 32262,
 28040, 31953, 32324,
 29631, 32513, 32324,
 29526, 32576, 32324,
 28087, 32200, 32640,
 28567, 32387, 32768,
 29736, 32324, 32076,
 28913, 32324, 32262,
 27623, 31651, 32076,
 28373, 31953, 32076,
 29578, 32200, 31953,
 28421, 32200, 32324,
 27623, 31711, 32138,
 28764, 32015, 32076,
 29370, 31953, 31651,
 27993, 31893, 32015,
 27577, 31711, 32200,
 28963, 32015, 32138,
 29319, 32015, 31771,
 27899, 31953, 32262,
 27806, 31832, 32262,
 29370, 32450, 32387,
 29216, 32200, 32015,
 27760, 31893, 32387,
 27899, 31832, 32138,
 29370, 32015, 31771,
 29114, 32262, 32200,
 27623, 31832, 32324,
 28229, 32076, 32387,
 29526, 32076, 31893,
 28813, 32262, 32450,
 27714, 31893, 32513,
 28567, 32138, 32387,
 29422, 31893, 31711,
 28470, 32015, 32200,
 27577, 31711, 32138,
 28813, 32262, 32262,
 29474, 32200, 32015,
 28277, 32015, 32262,
 27714, 31771, 32200,
 29165, 32262, 32200,
 29267, 32262, 32138,
 27760, 31832, 32387,
 27853, 31953, 32576,
 29216, 32200, 32015,
 28963, 32076, 32015,
 27714, 31771, 32324,
 28277, 32138, 32704,
 29267, 32138, 32015,
 28714, 32324, 32450,
 27623, 31832, 32387,
 28373, 32076, 32513,
 29474, 32200, 32200,
 28518, 32262, 32387,
 27623, 31771, 32324,
 28813, 32324, 32704,
 29422, 32450, 32450,
 28040, 32015, 32387,
 27441, 31711, 32200,
 28863, 32200, 32262,
 29370, 32262, 32138,
 27853, 32015, 32640,
 27760, 31953, 32704,
 29267, 32262, 32324,
 29267, 32450, 32513,
 27532, 31651, 32324,
 27806, 31832, 32450,
 29165, 32200, 32200,
 28714, 31953, 32076,
 27441, 31591, 32138,
 27946, 31832, 32262,
 29165, 32076, 32138,
 28665, 32138, 32450,
 27441, 31711, 32324,
 28421, 32200, 32768,
 29013, 32076, 32015,
 28087, 31953, 32200,
 27351, 31591, 32262,
 28567, 31893, 32200,
 28963, 31832, 31953,
 28087, 31893, 32450,
 27532, 31651, 32262,
 28714, 31893, 32015,
 28665, 31771, 31771,
 27262, 31354, 32076,
 27396, 31354, 32138,
 28714, 31893, 31953,
 28665, 31893, 31893,
 27532, 31651, 32450,
 27899, 31531, 32138,
 29013, 31893, 31893,
 28373, 31832, 32015,
 27351, 31413, 32200,
 28134, 31771, 32513,
 28863, 31591, 31711,
 28040, 31651, 32076,
 27351, 31472, 32138,
 28325, 31531, 31893,
 28665, 31472, 31472,
 27714, 31531, 32015,
 27173, 31295, 32015,
 28518, 31651, 32015,
 28863, 31771, 32015,
 27441, 31413, 32138,
 27307, 31179, 32076,
 28325, 31179, 31472,
 28182, 31063, 31295,
 26868, 30777, 31472,
 27129, 30833, 31531,
 28182, 31005, 31295,
 28040, 31295, 31832,
 26868, 31005, 31711,
 27441, 31063, 31711,
 28229, 31063, 31179,
 27853, 31120, 31591,
 26998, 31063, 31771,
 27899, 31413, 31953,
 28373, 31179, 31354,
 27760, 31295, 31893,
 27042, 31005, 31893,
 28040, 31063, 31472,
 28277, 31063, 31354,
 27351, 31005, 31832,
 26998, 30833, 31651,
 27946, 30777, 30890,
 28182, 31063, 31354,
 27085, 30833, 31591,
 27173, 30890, 31771,
 28277, 31179, 31472,
 28040, 31295, 31591,
 26782, 30607, 31295,
 27441, 31005, 31771,
 28277, 31063, 31354,
 27853, 31179, 31711,
 26954, 30948, 31832,
 27899, 31237, 31953,
 28182, 31063, 31295,
 27486, 30948, 31591,
 26696, 30552, 31295,
 27806, 30948, 31591,
 28040, 30890, 31179,
 27129, 30890, 31591,
 26782, 30552, 31413,
 27806, 30777, 31120,
 27899, 30833, 31063,
 26739, 30385, 31120,
 26782, 30552, 31354,
 27806, 30664, 30948,
 27806, 30664, 30948,
 26653, 30607, 31472,
 27129, 30607, 31531,
 28040, 30664, 31005,
 27946, 30948, 31472,
 26825, 30607, 31472,
 27441, 30777, 31531,
 27993, 30664, 30833,
 27532, 30777, 31472,
 26696, 30440, 31295,
 27396, 30385, 31005,
 27899, 30552, 30890,
 27129, 30440, 31179,
 26526, 30275, 31120,
 27577, 30385, 30720,
 27714, 30330, 30496,
 26998, 30330, 31120,
 26868, 30385, 31295,
 27853, 30664, 30948,
 27806, 30552, 30664,
 26739, 30330, 31179,
 26998, 30330, 31005,
 27760, 30385, 30607,
 27668, 30607, 31063,
 26739, 30440, 31179,
 27307, 30385, 31120,
 27714, 30440, 30720,
 27262, 30385, 31063,
 26443, 30003, 30720,
 27441, 30330, 31063,
 27668, 30275, 30607,
 26998, 30003, 30777,
 26526, 30003, 30833,
 27760, 30440, 31120,
 27946, 30385, 30664,
 26911, 30275, 31237,
 26696, 30003, 31005,
 27853, 30385, 30890,
 27899, 30275, 30833,
 26611, 29842, 30833,
 26911, 30220, 31354,
 27760, 30165, 30607,
 27760, 30220, 30833,
 26653, 30111, 31063,
 27129, 30220, 31120,
 27899, 30275, 30777,
 27577, 30275, 31063,
 26653, 30111, 31295,
 27307, 30111, 31120,
 27760, 30165, 30720,
 27218, 30111, 31063,
 26653, 30111, 31354,
 27486, 30057, 30890,
 27899, 30385, 30948,
 26954, 29949, 31005,
 26359, 29526, 30777,
 27307, 29736, 30552,
 27532, 29896, 30552,
 26739, 29789, 31179,
 26653, 29683, 31063,
 27532, 29842, 30552,
 27441, 29842, 30496,
 26526, 29683, 31063,
 26825, 29631, 30890,
 27577, 29789, 30607,
 27218, 29842, 30720,
 26443, 29683, 30948,
 27085, 29578, 30720,
 27577, 29842, 30607,
 27085, 29736, 30833,
 26569, 29736, 31005,
 27351, 29896, 31005,
 27668, 30003, 30833,
 26782, 29683, 30890,
 26401, 29474, 30777,
 27173, 29526, 30440,
 27262, 29526, 30275,
 26484, 29422, 30720,
 26484, 29474, 30890,
 27441, 29683, 30720,
 27532, 29842, 30720,
 26484, 29526, 30948,
 26825, 29736, 31179,
 27532, 29683, 30552,
 27486, 29896, 31005,
 26653, 29896, 31413,
 27218, 29896, 31237,
 27486, 29789, 30664,
 27085, 29631, 30948,
 26611, 29842, 31354,
 27351, 29949, 31237,
 27623, 29842, 30720,
 27307, 29949, 31472,
 26825, 29949, 31651,
 27760, 30165, 31295,
 27760, 30003, 31005,
 26954, 29896, 31413,
 26825, 29683, 31472,
 27853, 30220, 31354,
 27714, 30220, 31354,
 26911, 29896, 31531,
 27262, 29949, 31651,
 27853, 30003, 31237,
 27760, 30275, 31651,
 26696, 29789, 31472,
 27396, 30003, 31651,
 29526, 32576, 32640,

Print_Gamma_Table_Log,

Gamma_Table,
   R,   G,   B,
   0,   0,   0,
   1,   1,   1,
   2,   1,   1,
   3,   2,   2,
   3,   3,   3,
   4,   3,   3,
   5,   4,   4,
   6,   5,   5,
   7,   5,   6,
   8,   6,   6,
   9,   7,   7,
  10,   7,   8,
  10,   8,   8,
  11,   9,   9,
  12,   9,  10,
  13,  10,  10,
  14,  11,  11,
  15,  11,  12,
  16,  12,  12,
  17,  13,  13,
  17,  14,  14,
  18,  14,  15,
  19,  15,  15,
  20,  16,  16,
  21,  16,  17,
  22,  17,  17,
  22,  18,  18,
  23,  18,  19,
  24,  19,  19,
  25,  20,  20,
  26,  21,  21,
  27,  22,  22,
  28,  23,  23,
  29,  24,  24,
  30,  25,  25,
  31,  26,  26,
  32,  26,  26,
  33,  26,  27,
  34,  27,  27,
  35,  27,  28,
  36,  27,  28,
  36,  28,  28,
  37,  28,  29,
  37,  29,  29,
  38,  30,  29,
  38,  30,  30,
  39,  31,  30,
  40,  32,  30,
  40,  32,  31,
  41,  33,  32,
  42,  33,  32,
  43,  34,  33,
  44,  35,  33,
  45,  35,  33,
  45,  35,  34,
  45,  36,  35,
  46,  37,  35,
  47,  37,  36,
  48,  38,  37,
  49,  39,  37,
  50,  40,  38,
  51,  41,  39,
  52,  42,  40,
  53,  42,  41,
  54,  43,  41,
  55,  43,  42,
  56,  44,  42,
  57,  44,  43,
  58,  45,  44,
  59,  46,  44,
  60,  47,  44,
  61,  48,  45,
  62,  49,  46,
  63,  50,  47,
  64,  50,  47,
  65,  51,  47,
  66,  52,  48,
  66,  53,  49,
  67,  54,  50,
  67,  55,  50,
  68,  55,  50,
  68,  55,  51,
  69,  55,  51,
  69,  56,  52,
  70,  56,  53,
  71,  56,  54,
  71,  57,  54,
  71,  57,  54,
  72,  58,  54,
  73,  59,  55,
  74,  60,  55,
  75,  61,  56,
  76,  62,  56,
  77,  63,  57,
  78,  64,  58,
  80,  64,  59,
  81,  65,  60,
  82,  66,  60,
  83,  67,  61,
  84,  68,  62,
  85,  69,  62,
  86,  70,  63,
  87,  72,  64,
  88,  73,  65,
  89,  75,  65,
  90,  76,  66,
  91,  78,  67,
  92,  80,  68,
  93,  82,  69,
  94,  83,  70,
  95,  85,  71,
  97,  86,  71,
  98,  87,  71,
  99,  88,  72,
 100,  89,  72,
 101,  90,  73,
 102,  91,  73,
 103,  92,  74,
 104,  92,  75,
 105,  92,  75,
 106,  93,  75,
 107,  94,  76,
 108,  95,  77,
 109,  96,  78,
 110,  97,  79,
 111,  98,  79,
 111,  99,  80,
 111, 101,  80,
 111, 102,  81,
 112, 103,  82,
 112, 104,  83,
 113, 105,  83,
 113, 105,  84,
 113, 106,  85,
 114, 106,  85,
 114, 106,  86,
 114, 106,  87,
 115, 106,  88,
 116, 107,  89,
 117, 108,  90,
 118, 108,  90,
 119, 108,  90,
 120, 109,  90,
 122, 110,  90,
 124, 110,  90,
 126, 111,  91,
 127, 111,  92,
 128, 112,  92,
 129, 113,  93,
 130, 114,  93,
 131, 115,  94,
 132, 115,  95,
 133, 116,  96,
 134, 117,  98,
 135, 118, 100,
 136, 119, 102,
 138, 121, 104,
 139, 122, 107,
 140, 123, 110,
 142, 124, 114,
 143, 126, 117,
 144, 127, 120,
 146, 128, 122,
 148, 130, 123,
 150, 131, 124,
 152, 132, 125,
 154, 133, 127,
 156, 134, 128,
 158, 136, 131,
 160, 138, 134,
 162, 140, 137,
 164, 142, 140,
 166, 144, 143,
 168, 146, 146,
 170, 148, 149,
 172, 150, 152,
 174, 152, 156,
 176, 154, 160,
 178, 156, 163,
 180, 158, 166,
 182, 160, 169,
 184, 162, 172,
 185, 164, 175,
 186, 166, 178,
 188, 168, 181,
 189, 170, 184,
 191, 173, 187,
 194, 176, 190,
 196, 178, 193,
 198, 181, 196,
 200, 183, 199,
 202, 185, 201,
 204, 188, 203,
 206, 190, 204,
 209, 192, 206,
 212, 194, 208,
 215, 197, 210,
 218, 199, 212,
 221, 202, 215,
 224, 205, 217,
 226, 207, 219,
 227, 209, 221,
 228, 211, 223,
 229, 213, 226,
 232, 215, 229,
 233, 217, 232,
 235, 219, 236,
 237, 221, 239,
 238, 224, 242,
 240, 228, 245,
 241, 231, 247,
 244, 235, 249,
 246, 238, 251,
 248, 241, 253,
 250, 244, 256,
 252, 247, 258,
 255, 250, 260,
 258, 253, 262,
 263, 256, 264,
 266, 259, 267,
 270, 262, 269,
 273, 265, 271,
 277, 267, 273,
 281, 269, 275,
 284, 272, 276,
 288, 275, 278,
 292, 278, 279,
 296, 281, 280,
 300, 284, 281,
 304, 286, 283,
 307, 288, 284,
 311, 290, 285,
 314, 293, 286,
 317, 296, 288,
 320, 299, 290,
 324, 303, 292,
 327, 307, 294,
 330, 311, 297,
 333, 315, 299,
 336, 320, 302,
 341, 326, 306,
 347, 333, 311,
 353, 341, 317,
 360, 347, 323,
 366, 355, 329,
 373, 362, 335,
 380, 371, 341,
 387, 380, 347,
 394, 389, 354,
 402, 398, 360,
 409, 406, 366,
 417, 415, 372,
 424, 424, 379,
 431, 434, 386,
 438, 448, 393,
 445, 467, 400,


